{
	"name": "WideChests",
	"version": "3.5.0",
	"factorio_version": "1.1",
	"title": "Merging Chests",
	"author": "Atria",
	"contact": "tomas.chmelik2@gmail.com",
	"homepage": "",
	"description": "Enables merging of multiple chests into one entity. Supports merging of arbitrary number of chests (configurable in mod settings).",
	"dependencies": [
		"? boblogistics",
		"? bobplates",
		"? DyWorld-Dynamics",
		"? WideChestsAllTypes",
		"? WideChestsUnlimited",
		"? WideChestsLogistic >= 1.3.0"
	]
}
