{
	"name": "aai-containers",
	"version": "0.2.9",
	"title": "AAI Containers & Warehouses",
	"author": "Earendel",
	"dependencies": [
		"base >= 1.1.0"
	],
	"description": "A set of containers in the Factorio style with multiple options for inventory sizes. Chest 1x1, Strongbox 2x2, Storehouse 4x4, and Warehouse 6x6. Logistic and non-logistic variants of all. Container colour uses masks so other mods can modify the tint (for colour blindness etc).",
	"factorio_version": "1.1",
	"homepage": "https://factorio.miraheze.org"
}
