{
  "name": "Fastforward-Start-2",
  "version": "1.3.0",
  "title": "Skip first hour",
  "author": "Aidan647",
  "contact": "",
  "homepage": "",
  "factorio_version": "1.1",
  "dependencies": [
	  "base"
  ],
  "description": "I don't bother hand mining/crafting first hour \n\n Increased starting equipment to remove hand mining stage of game and jump straight into using trains \n\n Hopefully enough items to get a small factory and power station running. \n\n Doesn't effect research, you will still need to do all of that.\n\nLast update by ZwerOxotnik"
}